Item No.,Class Code,Dept #,Description,Whs No.,quantity,Sold Qty,Adj. Qty,Receive Qty,End In Stock,Average Cost,Current Cost,Ext Amount
F1167,23,Dining,Vol1.P158-|HEIGHT CHAIR D.BROWN MW F2329/F2347,HOU,                   -,,,,-4,41.8,41.8,-167.2
F1207,23,*DISC*,Vol1.P157-|  CHAIRS ONLY,HOU,,,,,2,33.2,33.2,66.5
F1277,D,*DISC*,[DISC] Cat.21.P134-|DINING CHAIR BLACK MW F2211,DMG,,,,,4,23.7,23.7,95
F1439,22,DINING,Cat.21.P136-|DINING CHAIR BLACK MW F2200,DMG,,,,,4,30.4,30.4,121.6
F1556,23,Dining,"Vol1.P124-|ADJUSTABLE BARSTOOL GREY 32""-38""H MW F1555",DMG,,,,,2,41.9,41.8,83.98
F1557,23,Dining,"Vol1.P125-|ADJUSTABLE BARSTOOL BLACK 37""-45""H MW F1558",DMG,,,,,2,44.6,44.6,89.3
F1565,23,Dining,"Vol1.P123-|ADJUSTABLE BARSTOOL BLACK 37""-45""H MW F1566",DMG,,,,,2,41.4,41.4,82.85
F1566,23,Dining,"Vol1.P123-|ADJUSTABLE BARSTOOL WHITE 37""-45""H MW F1565",DMG,2,,,,20,37,37,741
F1567,23,Dining,"Vol1.P126-|ADJUSTABLE BARSTOOL WHITE 37""-45""H MW F1568",DMG,,,,,2,46.5,46.5,93.1
F1571,23,*DISC*,Vol1.P173-  CHAIR ONLY,HOU,,,,,4,43.7,43.7,174.8
F1705,23,Dining,Vol1.P179-|DINING CHAIR MW F2428/F2430/F2431/F2432,DMG,,,,,2,39.9,50.2,79.8
F1752,23,*DISC*,Vol1.P145- !!!CHAIR SILVER!!!,HOU,1,,,,12,38.3,38.3,460.46
F1753,23,*DISC*,Vol1.P145- DINING BENCH,HOU,,,,,2,54.7,54.7,109.44
F1754,23,Dining,Vol1.P146-|HEIGHT CHAIR BLACK MW F2461,DMG,,,,,2,29.1,29.1,58.21
F1755,23,Dining,Vol1.P146-|HEIGHT BENCH BLACK MW F2461,DMG,,,,,1,56,56,56.05
F1757,23,*DISC*,Vol1.P146-  BENCH ONLY,HOU,,,,,5,53.4,52.5,267
F1771,21,*DISC*,Cat.21.P171- DINING CHAIR,HOU,1,,,,12,49.4,49.4,592.8
F1772,21,*DISC*,Cat.21.P172-|DINING CHAIR,HOU,1,,,,14,48.1,48.1,673.87
F1775,23,*DISC*,Vol1.P171-|BENCH ONLY,HOU,,,,,1,75,75,75.05
F2053,23,Dining,Vol1.P125-|BAR STAND GLASS BLACK MW F1565/F1566,DMG,,,,,1,91.9,91.9,91.92
F2053,23,Dining,Vol1.P125-|BAR STAND GLASS BLACK MW F1565/F1566,HOU,,,,,5,91.9,91.9,459.59
F2059,23,Dining,Vol1.P126-|BAR STAND GLASS WHITE MW F1565/F1566,HOU,5,,,,58,91.1,91.1,5287.25
F2059,23,Dining,Vol1.P126-|BAR STAND GLASS WHITE MW F1565/F1566,SHOW,,,,,1,91.1,91.1,91.16
F2114,23,Dining,Vol1.P123-|BAR STAND GLASS BLACK MW F1624/F1628/F1629/F1630,DMG,,,,,1,86.4,86.4,86.4
F2114,23,Dining,Vol1.P123-|BAR STAND GLASS BLACK MW F1624/F1628/F1629/F1630,HOU,1,,,,12,86.6,86.6,1039.43
F2120,23,Dining,Vol1.P124-|BAR STAND GLASS WHITE MW F1624/F1628/F1629/F1630,HOU,4,,,,40,86,86,3442.67
F2120,23,Dining,Vol1.P124-|BAR STAND GLASS WHITE MW F1624/F1628/F1629/F1630,SHOW,,,,,1,86.4,86.4,86.4
F2153,23,*DISC*,Vol1.P150-  ONLY DINING TABLE GLASS TOP MW1857,SHOW,,,,,1,160.5,160.5,160.55
F2211,D,*DISC*,[DISC] Cat.21.P134-|DINING TABLE ROUND MW F1273/F1277,DMG,,,,,1,104,72,104
F2212,D,*DISC*,[DISC] Cat.21.P133-|DINING TABLE MW F1274/F1748,DMG,,,,,3,78.3,78.3,234.9
F2224,D,*DISC*,[DISC] Cat.21.P133-|HEIGHT TABLE GLASS MW F1222/F1749,DMG,,,,,1,76.5,76.5,76.5
F2225,D,DINING,[DISC] CAT.20.P86-|DINING TABLE MW F1273/F1277,SHOW,,,,,1,76.5,76.5,76.5
F2329,23,*DISC*,Vol1.P158-   !!!! TABLE ONLY !!!!,HOU,,,,,1,118,118,118.05
F2347,23,*DISC*,Vol1.P157-   !!!!COUNTER  TABLE ONLY!!!,HOU,,,,,1,127.3,127.3,127.3
F2432,23,Dining,Vol1.P180-|DINING TABLE MW F1705/F6034,DMG,,,,,1,135.9,208,135.9
F3087,23,ACCESSOR,Vol1.P108-|3PCS COFFEE TABLE SET GLASS TOP CLEAR,DMG,,,,,7,139.7,114.5,978.05
F3087,23,ACCESSOR,Vol1.P108-|3PCS COFFEE TABLE SET GLASS TOP CLEAR,HOU,3,,,,34,110.3,110.3,3750.56
F3087,23,ACCESSOR,Vol1.P108-|3PCS COFFEE TABLE SET GLASS TOP CLEAR,SHOW,,,,,1,119.5,110.3,119.57
F3098,23,ACCESSOR,Vol1.P108-|3PCS COFFEE TABLE SET GLASS TOP CLEAR,HOU,,,,,3,108.3,108.3,324.93
F3143,23,Living,Vol1.P109-|3PCS COFFEE TABLE SET VENEER TOP,DMG,,,,,1,59.4,59.4,59.4
F4236,23,*DISC*,Vol1.P201-|NIGHTSTAND BLACK MW F9208/F9219/F9412/F9413/,HOU,,,,,1,65.5,65.5,65.55
F4252,23,*DISC*,Vol1.P203-|MIRROR BLACK MW F9046/F9212/F9313/F9315,HOU,,,,,2,49.4,50.3,98.8
F4254,23,Bedroom,Vol1.P203-|NIGHSTAND WHITE MW F9123/F9416/F9417/F9374,HOU,,,,,1,60.8,60.8,60.81
F4256,23,*DISC*,Vol1.P214-|DRESSER WHITE MW F9123/F9416/F9417/F9374,HOU,,,,,2,170,170,340.1
F4335,23,*DISC*,Vol1.P232-|NIGHTSTAND CHERRY MW F9174/F9175,HOU,,,,,2,94,94,188.1
F4336,23,*DISC*,Vol1.P232-|MIRROR CHERRY MW F9174/F9175,HOU,,,,,5,48.2,48.2,240.99
F4336,23,*DISC*,Vol1.P232-|MIRROR CHERRY MW F9174/F9175,SHOW,,,,,1,48.2,48.2,48.2
F4337,23,*DISC*,Vol1.P232-|DRESSER CHERRY MW F9174/F9175,DMG,,,,,1,238.3,238.3,238.31
F4338,23,*DISC*,Vol1.P232-|CHEST CHERRY MW F9174/F9175,HOU,,,,,1,229,229,229.02
F4346,23,Bedroom,Vol1.P268-|MIRROR MW F9290,DMG,,,,,1,52.7,52.7,52.73
F4347,23,Bedroom,Vol1.P268-|DRESSER MW F9290,HOU,,,,,1,272.1,272.1,272.19
F4348,23,*DISC*,Vol1.P268-|CHEST MW F9290,HOU,,,,,2,287.1,287.1,574.32
F4349,23,*DISC*,Vol1.P232-|NIGHTSTAND WHITE MW F9270/F9350,HOU,,,,,5,71,71,355.13
F4359,23,*DISC*,Vol1.P250-|NIGHTSTAND BLACK MW F9271/F9331,DMG,,,,,1,84.5,84.5,84.55
F4359,23,*DISC*,Vol1.P250-|NIGHTSTAND BLACK MW F9271/F9331,HOU,,,,,4,79.8,79.8,319.2
F4360,23,*DISC*,Vol1.P250-|MIRROR BLACK MW F9271/F9331,HOU,,,,,3,48.9,48.9,146.78
F4361,23,*DISC*,Vol1.P250-|DRESSER BLACK MW F9271/F9331,HOU,,,,,2,246,246,492.1
F4362,23,*DISC*,Vol1.P250-|CHEST BLACK MW F9271/F9331,HOU,,,,,1,228,228,228
F4715,23,*DISC*,Vol1.P204-|NIGHTSTAND WHITE,SHOW,,,,,1,63.6,63.6,63.6
F4716,23,Bedroom,Vol1.P231-|MIRROR WHITE MW F9254/F9530,SHOW,,,,,1,47.7,47.7,47.71
F4718,23,*DISC*,Vol1.P204-|CHEST WHITE,HOU,,,,,1,163.9,163.9,163.95
F4718,23,*DISC*,Vol1.P204-|CHEST WHITE,SHOW,,,,,1,163.9,163.9,163.95
F4726,23,*DISC*,Vol1.P227-|MIRROR BLACK,HOU,,,,,1,42,42,42
F4726,23,*DISC*,Vol1.P227-|MIRROR BLACK,SHOW,,,,,1,40.5,40.5,40.54
F4737,23,Bedroom,Vol1.P227-|DRESSER CHERRY MW F9231/F9516/F9586,DMG,,,,,1,136,136,136
F4777,23,*DISC*,Vol1.P231-|MIRROR CHERRY MW F9282/F9336,HOU,,,,,2,46.5,46.5,93.1
F4778,23,*DISC*,Vol1.P231-|DRESSER CHERRY MW F9282/F9336,HOU,,,,,1,241.3,241.3,241.3
F4822,21,*DISC*,Cat.21.P285-|MIRROR BROWN,HOU,,,,,2,81.8,81.8,163.61
F4822,21,*DISC*,Cat.21.P285-|MIRROR BROWN,SHOW,,,,,1,53.1,81.8,53.1
F4823,21,*DISC*,Cat.21.P285- DRESSER BROWN,HOU,,,,,2,258.6,258.6,517.2
F4823,21,*DISC*,Cat.21.P285- DRESSER BROWN,SHOW,,,,,1,167.4,258.6,167.4
F4824,21,*DISC*,Cat.21.P285-|CHEST BROWN,SHOW,,,,,1,148.5,247,148.5
F4861,23,*DISC*,Vol1.P233-|NIGHTSTAND,HOU,1,,,,10,59.5,59.5,595.44
F4862,23,*DISC*,Vol1.P233-|MIRROR,HOU,1,,,,14,43.5,43.5,609.21
F4863,23,*DISC*,Vol1.P233-|DRESSER,HOU,,,,,9,209,209,1881.05
F4864,23,Bedroom,Vol1.P233-|CHEST MW F9246/F9326/F9420,DMG,,,,,2,139.6,139.6,279.24
F4874,23,*DISC*,Vol1.P255-|MIRROR MW F9327,HOU,,,,,3,56,56,168.15
F4937,21,*DISC*,Cat.21.P237-|MIRROR GREY,HOU,,,,,3,48.9,48.9,146.75
F4937,21,*DISC*,Cat.21.P237-|MIRROR GREY,SHOW,,,,,1,48.9,48.9,48.92
F4938,21,*DISC*,Cat.21.P237-|DRESSER GREY,HOU,,,,,3,212.7,212.7,638.29
F4938,21,*DISC*,Cat.21.P237-|DRESSER GREY,SHOW,,,,,1,212.7,212.7,212.76
F4939,21,*DISC*,Cat.21.P214-|CHEST GREY,SHOW,,,,,1,189,189,189.05
F4941,21,*DISC*,Cat.21.P214-|NIGHSTAND PINK,HOU,,,,,3,75,75,225.15
F4962,23,*DISC*,Vol1.P236-|MIRROR GREY MW F9396/F9439/F9531/F9533,HOU,1,,,,10,32.5,32.5,325.95
F4964,23,Bedroom,Vol1.P236-|CHEST GREY MW F9396/F9439/F9531/F9533,DMG,,,,,1,160.5,160.5,160.55
F4966,23,*DISC*,Vol1.P256-|NIGHTSTAND MW F9397,HOU,,,,,2,85.5,85.5,171
F4967,23,*DISC*,Vol1.P256-|MIRROR MW F9397,HOU,,,,,4,47.5,47.5,190
F4968,23,*DISC*,Vol1.P256-|DRESSER MW F9397,DMG,,,,,1,275.5,275.5,275.5
F4968,23,*DISC*,Vol1.P256-|DRESSER MW F9397,HOU,,,,,3,275.5,275.5,826.5
F4982,23,*DISC*,Vol1.P262-|MIRROR SILVER MW F9428/F9429,HOU,,,,,1,70.3,70.3,70.3
F4983,23,Bedroom,Vol1.P262-|DRESSER SILVER MW F9428/F9429,DMG,,,,,1,254.3,254.3,254.38
F6034,23,*DISC*,Vol1.P179-|SERVER,SHOW,,,,,1,304,304,304
F6056,23,*DISC*,Vol1.P158- SERVER,HOU,,,,,1,228,228,228
F6056,23,*DISC*,Vol1.P158- SERVER,SHOW,,,,,1,228,228,228
F6936,23,Living,Vol1.P33-|4PCS SECTIONAL A+B+C+D RED,DMG,,,,,1,445.5,445.5,445.55
F6992,23,*DISC*,Vol1.P56-|OTTOMAN ASH ONLY,HOU,,,,,2,59.4,59.4,118.8
F7094,23,LIVING,Vol1.P31-| 2PCS SECTIONAL BLUE GREY,HOU,,,,,5,274.7,274.7,1373.76
F7310,23,Living,Vol1.P53-|2PCS SECTIONAL  BLACK,DMG,,,,,1,389,308.6,389.08
F7310,23,Living,Vol1.P53-|2PCS SECTIONAL  BLACK,HOU,,,,,8,308.6,308.6,2468.98
F7320,23,Living,Vol1.P53-|2PCS SECTIONAL/FAUX LEATHER/WHITE,DMG,,,,,1,449.6,449.6,449.62
F7320,23,Living,Vol1.P53-|2PCS SECTIONAL/FAUX LEATHER/WHITE,HOU,,,,,7,289,289,2023
F9215T,23,Bedroom,Vol1.P217-|TWIN BED+TWIN TRUNDLE W/ SLATS ESPRESSO,SHOW,,,,,1,111.4,111.4,111.47
F9217,23,*DISC*,Vol1.P206-|TWIN BED+TRUNDLE W/ SLATS DARK CHERRY,HOU,,,,,1,151,151,151.06
F9219,23,Bedroom,Vol1.P208-|TWIN BED+TRUNDLE W/ SLATS BLACK,HOU,,,,,2,284,284,568.12
F9220,23,Bedroom,Vol1.P208-|TWIN BED+TRUNDLE W/ SLATS D.CHERRY,HOU,,,,,2,255.5,255.5,511.12
F9230F,23,Bedroom,Vol1.P204-|FULL BED BLACK MW F4725/F4726/F4727/F4728,DMG,,,,,1,141.5,141.5,141.55
F9282Q,23,Bedroom,Vol1.P257-|QUEEN BED MW F4776/F4777/F4778/F4779,DMG,,,,,1,236.5,236.5,236.55
F9290Q,23,Bedroom,Vol1.P268-|QUEEN BED MW F4345/F4346/F4347/F4348(PLATFORM),SHOW,,,,,1,322,322,322.05
F9317EK,23,*DISC*,Vol1.P261-|KING BED PRL MW F4390/F4391/F4392/F4393,DMG,,,,,1,331.5,331.5,331.55
F9317EK,23,*DISC*,Vol1.P261-|KING BED PRL MW F4390/F4391/F4392/F4393,HOU,,,,,1,281.8,281.8,281.81
F9317Q,23,*DISC*,Vol1.P261-|QUEEN BED PRL MW F4390/F4391/F4392/F4393,HOU,,,,,1,233.7,233.7,233.79
F9326Q,23,Bedroom,Vol1.P258-|QUEEN BED MW F4861/F4862/F4863/F4864,DMG,,,,,1,180.9,293.5,180.9
F9377,23,Bedroom,Vol1.P207-|TWIN BED+TRUNDLE PINK MW F4238/F4239,HOU,,,,,1,217.5,217.5,217.56
F9379,23,Bedroom,Vol1.P208-|TWIN BED+TRUNDLE BLACK MW F4234/F4235,HOU,,,,,2,217.5,217.5,435.1
F9412T,23,Bedroom,Vol1.P201-|TWIN BED SILVER MW F4236/F4237,DMG,,,,,1,49.5,64.8,49.5
F9413F,23,Bedroom,Vol1.P201-|FULL BED BLACK MW F4236/F4237,DMG,                   -,,,,-1,68.4,68.4,-68.4
F9414T,23,Bedroom,Vol1.P201-|TWIN BED WHITE MW F4238/F4239,SHOW,,,,,4,54.6,54.6,218.61
F9416F,23,Bedroom,Vol1.P213-|FULL BED WHITE MW F4254/F4255/F4256,HOU,,,,,8,59.1,59.1,472.89
F9417F,23,Bedroom,Vol1.P213-|FULL BED PINK MW F4254/F4255/F4256,HOU,2,,,,20,59.1,59.1,1182.22
F9424T,D,*DISC*,Cat.21.P214-|TWIN BED PINK MW F4941/F4944,DMG,,,,,1,117.9,189,117.9
F1546,23,Dining,Vol1.P172-|DINING CHAIR MW F2398/F1548,DMG,,,,,2,43.3,43.3,86.72
F1548,23,*DISC*,Vol1.P172-  !!BENCH ONLY!!,DMG,,,,,1,45.2,45.2,45.24
F1548,23,*DISC*,Vol1.P172-  !!BENCH ONLY!!,HOU,,,,,3,53.5,53.5,160.65
F1549,23,DINING,Vol1.P172- !!HEIGHT BENCH ONLY!!,DMG,,,,,4,49.9,49.9,199.84
F1562,23,Dining,"Vol1.P128-|ADJUSTABLE BARSTOOL WHITE 38""-44"" MW F1561",DMG,,,,,1,55.1,55.1,55.1
F2237,23,*DISC*,Vol1.P162-  DINING TABLE MW F1388,HOU,,,,,1,151,151,151.05
F2238,23,*DISC*,Vol1.P162-    !!TABLE ONLY!!,HOU,,,,,2,160.5,160.5,321.1
F2398,23,Dining,Vol1.P172-|DINING TABLE MW F1546/F1548,DMG,,,,,1,174.2,174.2,174.27
F2399,23,*DISC*,Vol1.P172-  !!!TABLE ONLY!!!,DMG,,,,,1,142.2,170,142.2
F2399,23,*DISC*,Vol1.P172-  !!!TABLE ONLY!!!,HOU,,,,,1,174.1,174.1,174.17
F4278,23,*DISC*,Vol1.P203-|MIRROR HONEY WALNUT  MW F9046/F9047/F9123,HOU,,,,,1,47,47,47.04
F4279,23,Bedroom,Vol1.P203-|DRESSER HONEY WALNUT MW F9046/F9047/F9123,HOU,,,,,1,170,170,170.05
F4279,23,Bedroom,Vol1.P203-|DRESSER HONEY WALNUT MW F9046/F9047/F9123,SHOW,,,,,1,217.5,217.5,217.55
F5378,D,*DISC*,"[DISC] V.20.P132-|TABLE LAMP 28""H RED VASE",DMG,,,,,2,36.9,36.9,73.8
F6081,23,Dining,Vol1.P160-|SERVER MW F2207/F2208,SHOW,,,,,1,171.9,171.9,171.9
F6647,23,*DISC*,Vol1.P75-|SOFA RECLINER ONLY,SHOW,,,,,1,312.5,312.5,312.55
F7900,21,LIVING,Cat.21.P37-|OTTOMAN ESPRESSO MW F7770,DMG,,,,,1,70.3,70.3,70.3
F9046F,23,*DISC*,Vol1.P203-|FULL BED BLACK MW F4251/F4252/F4253,HOU,,,,,1,113,113,113.06
F9047F,23,*DISC*,Vol1.P203-|FULL BED HONEY WALNUT MW F4277/F4278/F4279,HOU,,,,,2,113,113,226.12
F9047T,23,*DISC*,Vol1.P203-|TWIN BED HONEY WALNUT MW F4277/F4278/F4279,HOU,,,,,2,98.8,98.8,197.6
F9338Q,23,*DISC*,Vol1.P254-|QUEEN BED MW F4359/F4360/F4361/F4362,HOU,,,,,1,160.5,160.5,160.56
F1782,21,*DISC*,Cat.21.P145-  DINING CHAIR,HOU,,,,,6,30,30,180
F1786,21,DINING,Cat.21.P148-|HEIGHT CHAIR MW F2482/F2485,DMG,,,,,2,54.8,54.8,109.73
F1805,23,*DISC*,Vol1.P151-|  DINING CHAIR MW F2496,HOU,,,,,4,35,35,140
F2485,21,*DISC*,Cat.21.P147-|HEIGHT TABLE MW F1781/F1783/F1786,HOU,,,,,2,198.5,198.5,397.1
F2496,23,Dining,Vol1.P151-|DINING TABLE MW F1805,SHOW,,,,,1,122.5,122.5,122.55
F2557,23,Dining,Vol1.P143-|7PCS DINING TABLE SET (TABLE+6 CHAIRS) GREY,DMG,,,,,1,209,284,209
F5447,23,*DISC*,Vol1.P235-|MIRROR GREY MW F9542/F9543,HOU,,,,,3,41.8,41.8,125.4
F5448,23,*DISC*,Vol1.P235-|DRESSER GREY MW F9542/F9543,HOU,,,,,1,208,208,208.05
F6388,23,Living,Vol1.P115-|END TABLE WOODEN TOP MW F6386/F6387,SHOW,,,,,2,65.5,65.5,131.1
F86324,D,*DISC*,Cat.21.P326-|POWER RECLINER DARK BROWN,HOU,                   -,,,,-1,217.5,314.5,-217.55
F9429EK,23,*DISC*,Vol1.P262-|KING BED SILVER ONLY MW F4981,DMG,,,,,1,344.6,344.6,344.63
F9429EK,23,*DISC*,Vol1.P262-|KING BED SILVER ONLY MW F4981,HOU,,,,,1,344.6,344.6,344.63
F9429Q,23,*DISC*,Vol1.P262-|QUEEN BED SILVER MW F4981/F4982/F4983/F4984,HOU,,,,,3,287.6,287.6,862.96
F9537Q,D,*DISC*,[DISC] Cat.21.P249-|QUEEN BED CHA MW F4961/F4962/F4963/F4964,DMG,,,,,1,79.8,79.8,79.8
F2562,23,Dining,Vol1.P139-|6PCS DINING SET (TABLE+4 CHAIRS+BENCH) WHITE,DMG,,,,,1,265,265,265.05
F2563,23,Dining,Vol1.P139-|6PCS DINNING SET (TABLE+4 CHAIRS+BENCH) GREY,DMG,,,,,1,188,188,188
F2568,23,*DISC*,Vol1.P177-   !!!!TABLE ONLY!!! MW F1824,HOU,,,,,1,160.5,160.5,160.55
F2569,23,*DISC*,Vol1.P177-  !!!!TABLE ONLY!!!!,HOU,,,,,2,308.2,308.2,616.55
F2569,23,*DISC*,Vol1.P177-  !!!!TABLE ONLY!!!!,SHOW,,,,,1,255.5,255.5,255.55
F2572,23,*DISC*,Vol1.P188- DINING TABLE ONLY MW F1827,HOU,,,,,1,122.5,122.5,122.55
F2580,23,*DISC*,Vol1.P185-|DINING !!! TABLE ONLY !!! F1838,HOU,,,,,2,227,227,454.1
F2583,23,*DISC*,Vol1.P186- DINING TABLE ONLY W/ LEAF MW F1839,HOU,,,,,1,284,284,284.05
F5452,23,*DISC*,Vol1.P223-|MIRROR GREY MW F9560,HOU,1,,,,13,33.4,33.4,435.29
F5458,23,Bedroom,Vol1.P223-|DRESSER MARBEL TOP CREAM MW F9561,DMG,,,,,4,180.9,180.9,723.65
F5463,23,Bedroom,Vol1.P272-|DRESSER BROWN MW F9562/F9563,SHOW,,,,,1,351.5,351.5,351.5
F5464,23,*DISC*,Vol1.P272-|CHEST BROWN MW F9562/F9563,HOU,,,,,2,294.5,294.5,589
F5466,23,*DISC*,Vol1.P252-|NIGHTSTAND CHARCOAL MW F9564/F9594,HOU,,,,,2,84.5,84.5,169.1
F5467,23,*DISC*,Vol1.P252-|MIRROR CHARCOAL MW F9564/F9594,HOU,,,,,1,75.6,75.6,75.65
F5468,23,*DISC*,Vol1.P252-|DRESSER CHARCOAL MW F9564/F9594,HOU,,,,,1,312.8,312.8,312.8
F5469,23,*DISC*,Vol1.P252-|CHEST CHARCOAL MW F9564/F9594,HOU,,,,,2,247,247,494
F5472,23,*DISC*,Vol1.P251-|MIRROR GREY MW F9565/F9593,HOU,,,,,5,65.5,65.5,327.75
F5473,23,*DISC*,Vol1.P251-|DRESSER GREY MW F9565/F9593,HOU,,,,,3,275.5,275.5,826.5
F5474,23,*DISC*,Vol1.P251-|CHEST GREY MW F9565/F9593,HOU,,,,,3,247,247,741
F5491,23,*DISC*,Vol1.P245-|NIGHTSTAND GREY MW F9578/F9590,HOU,,,,,3,57.4,57.4,172.41
F5492,23,*DISC*,Vol1.P245-|MIRROR GREY MW F9578/F9590,HOU,,,,,2,40.9,40.9,81.86
F5493,23,*DISC*,Vol1.P245-|DRESSER GREY MW F9578/F9590,HOU,,,,,2,179,179,358.16
F5914,21,ACCESSOR,Cat.21.P100-|SIDE TABLE VENEER TOP WHITE,DMG,,,,,1,51.3,51.3,51.3
F9458,23,*DISC*,Vol1.P221-|DAY BED+TRUNDLE W/ SLATS BURLAP LIGHT BROWN,HOU,,,,,2,160.5,160.5,321.1
F9563EK,23,*DISC*,Vol1.P272-|KING BED MW F5461/F5462/F5463/F5464,HOU,,,,,1,426.5,426.5,426.55
F9581T,23,Bedroom,Vol1.P205-|TWIN BED DARK CHERRY MW F4234/F4235,HOU,,,,,3,179.5,179.5,538.5
F9582F,23,Bedroom,Vol1.P205-|FULL BED WHITE MW F4238/F4239,DMG,,,,,1,208,208,208.07
F9582F,23,Bedroom,Vol1.P205-|FULL BED WHITE MW F4238/F4239,HOU,,,,,3,179.5,179.5,538.65
F9582T,23,Bedroom,Vol1.P205-|TWIN BED WHITE MW F4238/F4239,HOU,,,,,1,160.5,160.5,160.55
F9583T,23,Bedroom,Vol1.P205-|TWIN BED WHITE/PINK MW F4238/F4239,HOU,,,,,2,160.5,160.5,321.12
F9585EK,23,*DISC*,Vol1.P264-|KING BED MW F5486/F5487/F5488/F5489,HOU,,,,,1,284,284,284.06
U900-GRY,D,BEDROOM,Marian Queen Bed 4 PCs Set Grey (QB+NS+MR+DR),DMG,,,,,1,166.9,166.9,166.98
A8101F,US,MATTRESS,"SYDNEY 5.5"" - TECH FOAM MATTRESS Medium FULL",HOU,,,,,2,96.6,96.6,193.2
A8101T,US,MATTRESS,"SYDNEY 5.5"" - TECH FOAM MATTRESS  Medium TWIN",DMG,,,,,2,67.6,67.6,135.24
A8101T,US,MATTRESS,"SYDNEY 5.5"" - TECH FOAM MATTRESS  Medium TWIN",HOU,,,,,3,62.5,62.5,187.68
A8105Q,US,MATTRESS,"CAPELLA 10"" - Memory Foam Plush QUEEN",HOU,,,,,1,183,183,183.08
A8701F,US,MATTRESS,"MIRANDA 9.5"" - Innerspring Tight Top Medium FULL Mattress",HOU,,,,,4,103.9,103.9,415.84
A8701Q,US,MATTRESS,"MIRANDA 9.5"" - Innerspring Tight Top Medium QUEEN Mattress",HOU,,,,,3,121.4,121.4,364.32
A8701T,US,MATTRESS,"MIRANDA 9.5"" - Innerspring Tight Top Medium TWIN Mattress",HOU,,,,,5,71.7,71.7,358.8
A8703F,US,MATTRESS,"JUPITER 11.5"" - Innerspring Euro Top Medium FULL Mattress",SHOW,,,,,1,140.7,140.7,140.76
A8707EK,US,MATTRESS,"DYLAN ULTRA 12.5"" - Innerspring Pillow Top Medium KING",DMG,,,,,1,354.1,354.1,354.13
A8000T,US,FOUNDATIONS,TWIN-Size Box-Spring,HOU,,,,,2,35,35,70
A8000F,US,FOUNDATIONS,Full-Size Box-Spring,DMG,,,,,2,50.3,50.3,100.74
A8000EK,US,FOUNDATIONS,Split Box Spring Foundation King,SHOW,,,,,1,124.4,124.4,124.45
A8002T,US,MATTRESS,Low Profile Group B Twin,HOU,1,,,,12,57,57,683.97
A8002T,US,MATTRESS,Low Profile Group B Twin,SHOW,,,,,1,57,57,57
A8002Q,US,MATTRESS,Low Profile Group B Queen,HOU,,,,,1,52,52,52
AIR FREIGHT,NA,NA,*AIR FREIGHT,HOU,,,,,1,0,0,
F2601,23,Dining,Vol1.P132-|5PCS DINING SET,DMG,,,,,1,189,189,189
A8003T,US,MATTRESS,PLATFORM BASE 33 - Platform Base-Twin,DMG,,,,,1,74,74,74
A8003T,US,MATTRESS,PLATFORM BASE 33 - Platform Base-Twin,HOU,,,,,1,74,74,74
U500-BLK,US,LIVING,Stand Up Mirror Hollywood With Led Lights BLACK,DMG,,,,,1,220,220,220
F9528T,23,*DISC*,Vol1.P230-|TWIN BED W/DRAWER-LIGHT GREY BURPLAP,HOU,,,,,1,141.5,141.5,141.55
U923-BLK,22,*DISC*,Queen Sleigh Bed (4pcs),DMG,,,,,2,209.9,209.9,419.84
U923-BLK-NS,22,*DISC*,Black Nightstand,DMG,1,,,,17,0,0,
U923-BLK-DR,22,BEDROOM,Black Dresser,DMG,1,,,,17,0,0,
U923-BLK-MR,22,*DISC*,Black Mirror,DMG,1,,,,17,0,0,
U923-BLK-MR,22,*DISC*,Black Mirror,HOU,,,,,8,0,0,
U923-GRY-NS,22,*DISC*,Grey Nightstand,DMG,1,,,,16,0,0,
U923-GRY-DR,22,*DISC*,Grey Dresser,DMG,1,,,,19,0,0,
U923-GRY-MR,22,*DISC*,Grey Mirror,DMG,2,,,,20,0,0,
U923-CHR,22,*DISC*,Queen Sleigh Bed,DMG,,,,,1,195.8,195.8,195.84
U923-CHR-NS,22,*DISC*,Cherry Nightstand,DMG,1,,,,11,0,0,
U923-CHR-NS,22,*DISC*,Cherry Nightstand,HOU,1,,,,11,0,0,
U923-CHR-NS,22,*DISC*,Cherry Nightstand,SHOW,,,,,1,0,0,
U923-CHR-DR,22,BEDROOM,Cherry Dresser,DMG,1,,,,10,0,0,
U923-CHR-MR,22,*DISC*,Cherry Mirror,DMG,1,,,,11,0,0,
U923-CHR-MR,22,*DISC*,Cherry Mirror,HOU,4,,,,43,0,0,
U300SEC-SLV,US,LIVING,SECTIONAL/SILVER,DMG,,,,,1,400,400,400
U300SL-RED,US,LIVING,2-PCS SOFA  & LOVESEAT SET/RED,DMG,,,,,1,424.1,424.1,424.11
U300SL-PUR,US,LIVING,2-PCS SOFA & LOVESEAT SET/PURPLE,DMG,,,,,1,400,400,400
F1902,23,*DISC*,Vol1.P155- COUNTER STOOL CREAM,HOU,,,,,2,30.4,30.4,60.8
F1903,23,*DISC*,Vol1.P183-|DINING CHAIR FOR F2597,SHOW,,,,,4,68,56,272
F2590,23,Dining,Vol1.P191-|DINING TABLE MW F1871/2/F6100/SILVER,SHOW,,,,,1,318.2,318.2,318.25
F2597,23,Dining,Vol1.P183-|DINING TABLE MW F1904/F6113,SHOW,,,,,1,340,340,340
F1904,23,Dining,Vol1.P182-|DINING CHAIR F2597,DMG,,,,,2,80.9,80.9,161.94
F5504,23,*DISC*,Vol1.P267-|CHEST,HOU,,,,,2,304,304,608
F9049F,23,*DISC*,Vol1.P202-|FULL BED MW F4238/F4254/WHITE,DMG,,,,,1,101.9,101.9,101.97
F2585,23,*DISC*,Vol1.P169- DINING TABLE ONLY MW F1859/F1858,HOU,,,,,3,154.2,154.2,462.6
F5496,23,Bedroom,Vol1.P265-|NIGHTSTAND MW F9611/F9312,DMG,,,,,1,79.8,79.8,79.81
F8827,23,*DISC*,Vol1.P47-|3-PC SECTIONAL,HOU,,,,,1,474.1,474.1,474.1
F9049T,23,Bedroom,Vol1.P202-|TWIN BED MW F4238/F4254 (WHITE),HOU,,,,,4,75,75,300.15
F9207T,23,*DISC*,Vol1.P202-|TWIN BED MW F4234/F4235/CHERRY,HOU,,,,,1,75,75,75.05
F9208T,23,*DISC*,Vol1.P202-|TWIN BED  MW F4236/F4237/BLACK,HOU,,,,,1,75,75,75.05
F9614Q,23,*DISC*,Vol1.P266-|QUEEN BED MW F5486,HOU,,,,,1,227,227,227.08
E8100Q,US,MATTRESS,"MEMORY FOAM QUEEN MATTRESS 10"" INCH",HOU,                   -,,,,-1,78,78,-78
E8080K,US,MATTRESS,MEMORY  FOAM KING SIZE MATTRESS 8' INCHES,HOU,                   -,,,,-1,141.9,141.9,-141.95
E8100T,US,MATTRESS,MEMORY FOAM TWIN MATTRESS 10' INCH,HOU,                   -,,,,-1,80,80,-80
89138,LILOLA,Sleeper,Haris Dark Gray Fabric Sleeper Sofa Sectional,SHOW,,,,,1,459,459,459
97005,LILOLA,ACCESSOR,DUSTY DARK OAK TV STAND (DARK),HOU,,,,,1,57,57,57
81340,LILOLA,Sleeper,Lucca Light Gray Linen Reversible,DMG,,,,,1,170,170,170
81340,LILOLA,Sleeper,Lucca Light Gray Linen Reversible,SHOW,,,,,1,170,170,170
98011,LILOLA,ACCESSOR,Washoak Coffee Table with 4 Stools,SHOW,,,,,1,199,199,199
98013,LILOLA,ACCESSOR,Rustic Wood Coffee Table with 4 Stools,HOU,                   -,,,,-2,199,199,-398
81380,LILOLA,Sleeper,Ashlyn Light Gray Reversible Sleeper Sectional Sofa,HOU,,,,,3,186.3,186.3,559.12
81380,LILOLA,Sleeper,Ashlyn Light Gray Reversible Sleeper Sectional Sofa,SHOW,,,,,1,186.3,186.3,186.37
81347,LILOLA,Sleeper,Lexi Black Leather Modern Reversible Sleeper Sectional Sofa,DMG,,,,,2,173,173,346
89331DG,LILOLA,Sleeper,Ivy Velvet Reversible Sleeper Sectional Sofa with Storage Ch,SHOW,,,,,1,178.4,178.4,178.46
81346,LILOLA,Sleeper,Lexi Gray Sleeper Sectional Sofa (3pkg),DMG,,,,,1,173,173,173
81346,LILOLA,Sleeper,Lexi Gray Sleeper Sectional Sofa (3pkg),HOU,1,,,,10,173,173,1730
81346,LILOLA,Sleeper,Lexi Gray Sleeper Sectional Sofa (3pkg),SHOW,,,,,1,173,173,173
M7826,MILTON,DINING,LOLA- BROWN TOP Counter height TABLE FOR M7749,HOU,,,,,6,110,110,660
M7826,MILTON,DINING,LOLA- BROWN TOP Counter height TABLE FOR M7749,SHOW,,,,,1,110,110,110
M7749,MILTON,DINING,LOLA- ESPRESSO Counter height Chair FOR M7826/60,DMG,                   -,,,,-6,0,0,
M7749,MILTON,DINING,LOLA- ESPRESSO Counter height Chair FOR M7826/60,HOU,5,,,,52,33.5,33.5,1742
M7749,MILTON,DINING,LOLA- ESPRESSO Counter height Chair FOR M7826/60,SHOW,,,,,6,33.5,33.5,201
M7809,MILTON,DINING,WILLOW- WALNUT 2-TONE Dining Table FOR M7709,HOU,,,,,9,46,46,414
M7809,MILTON,DINING,WILLOW- WALNUT 2-TONE Dining Table FOR M7709,SHOW,,,,,1,46,46,46
M7709,MILTON,DINING,WILLOW- TAUPE / WALNUT 2-TONE  Dining Chair FOR M7809,HOU,3,,,,36,20,20,720
M7709,MILTON,DINING,WILLOW- TAUPE / WALNUT 2-TONE  Dining Chair FOR M7809,SHOW,,,,,4,20,20,80
M7812-GR,MILTON,DINING,"SIMON- 35.5""x59"" GRAY Dining Table w/ MDF Top",HOU,,,,,5,78,78,390
M7712-GR,MILTON,DINING,SIMON- GRAY Dining Chair for M7812-gr,HOU,3,,,,32,28.5,28.5,912
M7727,MILTON,DINING,BRADY- IVORY & GRAY Two-Tone Dining Chair FOR M7827,HOU,,,,,4,27,27,108
M7505,MILTON,BEDROOM,BETTY- BLACK Twin/Twin Wooden Bunk Bed,SHOW,,,,,1,155,155,155
M7506,MILTON,BEDROOM,BETTY- WHITE Twin/Twin Wooden Bunk Bed,HOU,,,,,6,155,155,930
M7507,MILTON,BEDROOM,BETTY- GRAY Twin/Twin Wooden Bunk Bed,HOU,,,,,8,155,155,1240
M7520-QUEEN,MILTON,BEDROOM,NINA- BEIGE QUEEN Fabric Wing Back Platform Bed,SHOW,,,,,1,97,97,97
M7537-BK,MILTON,BEDROOM,LILAH- BLACK Twin/Full Metal Bunk Bed,HOU,,,,,5,149,149,745
M7537-WH,MILTON,BEDROOM,LILAH- WHITE Twin/Full Metal Bunk Bed,HOU,,,,,3,109,109,327
M7537-WH,MILTON,BEDROOM,LILAH- WHITE Twin/Full Metal Bunk Bed,SHOW,,,,,1,109,109,109
M7540-WH,MILTON,BEDROOM,LILAH- WHITE Twin/Twin Metal Bunk Bed,DMG,,,,,1,92,92,92
M8026-LOVE,MILTON,LIVING,DANTE- BROWN Manual Recliner + Rocking Loveseat w/ Console +,SHOW,,,,,1,323,323,323
M8026-RECL,MILTON,LIVING,DANTE- BROWN Manual Recliner + Rocking + Swivel Chair,HOU,,,,,1,195.3,195.3,195.33
M8026-SOFA,MILTON,LIVING,DANTE- BROWN Manual Recliner Sofa w/ Drop Down + USB + 2 Out,HOU,,,,,2,395,395,790
M8077-LOVE,MILTON,LIVING,NICO- BLUE GRAY Fabric Manual Reclining Love Seat sofa,HOU,,,,,1,216.7,216.7,216.75
M8077-LOVE,MILTON,LIVING,NICO- BLUE GRAY Fabric Manual Reclining Love Seat sofa,SHOW,,,,,1,216,216,216
M8085-RECL,MILTON,LIVING,HENRY- DARK BROWN Breathable Air Leather Manual Reclining Ch,HOU,,,,,3,175,168.3,525
M8085-SOFA,MILTON,LIVING,HENRY- DARK BROWN Breathable Air Leather Manual Reclining So,HOU,,,,,1,325,325,325
M8089-LOVE,MILTON,LIVING,HENRY- GRAY Breathable Air Leather POWER with USB Reclining,HOU,,,,,2,300,300,600
M8089-RECL,MILTON,LIVING,HENRY- GRAY Breathable Air Leather POWER with USB Reclining,HOU,,,,,3,195,188.6,585
M8101,MILTON,LIVING,CAM- BLUE GRAY Fabric Power Recliner Chair,HOU,,,,,3,149,149,447
M8103,MILTON,LIVING,CAM- TAN Fabric Power Recliner Chair,SHOW,,,,,1,134,134,134
M8182-LOVE,MILTON,LIVING,EMMA- BEIGE Fabric Plushy Cushion w/ Square Arm Loveseat & 2,HOU,,,,,5,198,198,990.45
M8182-SOFA,MILTON,LIVING,EMMA- BEIGE Fabric Plushy Cushion w/ Square Arm Sofa & 3 Thr,HOU,,,,,5,229,229,1145
M7808,MILTON,DINING,"ALEX- 36""X48"" BLACK FRAME Metal Dining Table w/ Wood Veneer",HOU,,,,,4,51,51,204
M7708,MILTON,DINING,ALEX- BLACK FRAME Metal Dining Chair FOR M7808,HOU,2,,,,24,23.5,23.5,564
M5010-QUEEN,MILTON,MATTRESS,"SERENITY- 10"" QUEEN Pocket Coil Mattress",SHOW,,,,,1,128,128,128
M7555-FULL,MILTON,BEDROOM,AVA- Full Metal Platform Bed w/ Black PU Headboard (Fully Sl,HOU,,,,,4,77.4,77.4,309.6
M7555-QUEEN,MILTON,BEDROOM,AVA- Queen Metal Platform Bed w/ Black PU Headboard,HOU,,,,,5,86.4,86.4,432.14
M7577-TWIN-BG,MILTON,BEDROOM,THEO- Twin Metal Platform Bed w/ Beige Linen Headboard (Full,HOU,,,,,1,61,61,61
M7577-TWIN-GR,MILTON,BEDROOM,THEO- Twin Metal Platform Bed w/ Gray Linen Headboard (Fully,HOU,,,,,8,69,69,552
M7582-FULL-WH,MILTON,BEDROOM,SEBASTIAN- WHITE Full Platform Bed,SHOW,,,,,1,88,88,88
M7588-ESP,MILTON,BEDROOM,NOAH- ESPRESSO Twin/Full Bunk Bed w/ Drawers,DMG,,,,,2,194,194,388
M7588-ESP,MILTON,BEDROOM,NOAH- ESPRESSO Twin/Full Bunk Bed w/ Drawers,HOU,,,,,1,199,199,199
M7707,MILTON,DINING,WILLOW- WALNUT Dining Chair w/ Fabric Cushion M7807,HOU,,,,,4,20,20,80
M7712-BR,MILTON,DINING,SIMON- BROWN Dining Chair FOR M7812,HOU,1,,,,14,25,25,350
M7807,MILTON,DINING,"WILLOW- 29.5"" x 47.25"" WALNUT Dining Table",HOU,,,,,1,59,59,59
M7812-BR,MILTON,DINING,SIMON- BROWN Dining Table  for M7712,HOU,,,,,4,74,74,296
M7860,MILTON,DINING,LOLA-GRAY TOP Faux Marble Counter Table FOR M7749,HOU,,,,,2,110,110,220
M8014-LOVE,MILTON,LIVING,RENZO- BLACK PU POWER USB Recliners Loveseat w/ Thick Stitch,HOU,,,,,2,343,343,686
M8014-LOVE,MILTON,LIVING,RENZO- BLACK PU POWER USB Recliners Loveseat w/ Thick Stitch,SHOW,,,,,1,343,343,343
M8014-RECL,MILTON,LIVING,RENZO- BLACK PU POWER USB Recliner Chair w/ Thick Stitching,HOU,,,,,4,184,184,736
M8080-LOVE,MILTON,LIVING,ELLIOT- BLUE GRAY Fabric POWER Reclining Love Seat,HOU,,,,,2,246,246,492
M8080-RECL,MILTON,LIVING,ELLIOT- BLUE GRAY Fabric POWER Reclining Chair,HOU,,,,,2,133,133,266
M8080-SOFA,MILTON,LIVING,ELLIOT- BLUE GRAY Fabric POWER Reclining Sofa,HOU,,,,,2,322,322,644
M8087-LOVE,MILTON,LIVING,HENRY- BLACK Breathable Air Leather POWER with USB Reclining,HOU,,,,,1,298,298,298
M8087-RECL,MILTON,LIVING,HENRY- BLACK Breathable Air Leather POWER with USB Reclining,HOU,,,,,2,180,180,360
M8087-SOFA,MILTON,LIVING,HENRY- BLACK Breathable Air Leather POWER with USB Reclining,HOU,,,,,2,327,327,654
M8188,MILTON,LIVING,AMOS- BROWN Breathable Air Leather Modular Manual Recliner S,HOU,,,,,1,633,633,633
M8189,MILTON,LIVING,AMOS- GRAY Breathable Air Leather Modular Manual Recliner Se,HOU,,,,,2,633,633,1266
M8193-LOVE,MILTON,LIVING,KNOX- DARK GRAY Breathable Air Leather Manual Reclining Love,HOU,,,,,2,223,223,446
M8193-RECL,MILTON,LIVING,KNOX- DARK GRAY Breathable Air Leather Manual Reclining Chai,HOU,,,,,2,161,161,322
M8193-SOFA,MILTON,LIVING,KNOX- DARK GRAY Breathable Air Leather Manual Reclining Sofa,HOU,,,,,2,283,283,566
30539-SET,LILOLA,DINING,Graham 3-Piece White Finish Small Space Counter Height Dinin,HOU,,,,,1,149,149,149
30539-SET,LILOLA,DINING,Graham 3-Piece White Finish Small Space Counter Height Dinin,SHOW,,,,,1,149,149,149
81360,LILOLA,LIVING,Hannah Gray Woven Convertible Armchair,DMG,,,,,1,119,119,119
81360,LILOLA,LIVING,Hannah Gray Woven Convertible Armchair,SHOW,,,,,1,119,119,119
87716,LILOLA,LIVING,"Briscoe Dark Gray Woven Fabric 102"" Wide Reversible Sectiona",DMG,,,,,1,299,299,299
81356,LILOLA,LIVING,Percy Beige Teddy Velvet Sleeper Loveseat with Side Pockets,SHOW,,,,,1,249,249,249
ZQUEEN-10HYBRID,ZINUS,MATTRESS,10in Hybrid Original Green Tea w/ ActivCharcol Memory Foam,DMG,,,,,1,150,150,150
M7537-RED,MILTON,BEDROOM,RED Twin/Full Metal Bunk Bed,HOU,                   -,,,,-1,109,109,-109
M6602,MILTON,ACCESSOR,Solid Color Manufactured Wood X-Side Panels Coffee Table/660,HOU,,,,,6,52.1,52.1,312.86
M6605,MILTON,ACCESSOR,Solid Color Manufactured Wood X-Side Panels End Table with B,HOU,,,,,6,40,40,240
M6603,MILTON,ACCESSOR,Solid Color Manufactured Wood X-Side Panels Coffee Table wit,HOU,,,,,7,45,45,315
M6606,MILTON,ACCESSOR,Solid Color Manufactured Wood X-Side Panels End Table with B,HOU,1,,,,12,35,35,420
M8079-REC,MILTON,LIVING,TAN Fabric Manual Reclining Chair,HOU,,,,,1,149,149,149
M7577-FULL-BG,MILTON,BEDROOM,Full Metal Platform Bed w/ Beige Linen Headboard (Fully Slat,HOU,,,,,3,82,82,246
M7577-QUEEN-BG,MILTON,BEDROOM,Queen Metal Platform Bed w/ Beige Linen Headboard,HOU,,,,,5,92,92,460
M7577-FULL-GR,MILTON,BEDROOM,Full Metal Platform Bed w/ Gray Linen Headboard (Fully Slate,HOU,,,,,2,82,82,164
M7577-QUEEN-GR,MILTON,BEDROOM,Queen Metal Platform Bed w/ Gray Linen Headboard (Slated),HOU,,,,,6,92,92,552
M7537-BL,MILTON,BEDROOM,BLUE Twin/Full Metal Bunk Bed,HOU,,,,,5,109,109,545
M7106,MILTON,BEDROOM,BLACK 4-Panels Room Divider w/ Window Shutter Style,HOU,,,,,2,58,58,116
M7108,MILTON,BEDROOM,NATURAL 4-Panels Room Divider w/ Window Shutter Style,HOU,,,,,1,58,58,58
M7112,MILTON,BEDROOM,NATURAL 4-Panels Arc Room Divider w/ Window Shutter Style,HOU,,,,,4,69,66.7,276
M7115,MILTON,BEDROOM,BLACK 4-Panels Room Divider w/ Shutter Style & Shelves,HOU,,,,,1,85,85,85
M2001,MILTON,LIVING,CLEO- 47 in. Length Faux Wood TV Stand,HOU,,,,,2,66,66,132
M2002,MILTON,LIVING,CLEO- 47 in. Length Faux Wood TV Stand,HOU,,,,,2,66,66,132
M2003,MILTON,LIVING,CLEO- 47 in. Length Faux Wood TV Stand,HOU,,,,,2,66,66,132
M2004,MILTON,LIVING,CLEO- 47 in. Length Faux Wood TV Stand,HOU,,,,,1,66,66,66
M2005,MILTON,LIVING,CLEO- 69 in. Faux Wood Book Shelves,HOU,,,,,3,90,84.3,270
3PL-FEE,,,3PL-FEE (3%),HOU,                   -,,,,-1,0,0,
M2006,MILTON,LIVING,CLEO- 69 in. Faux Wood Book Shelves,HOU,,,,,2,73,73,146
M2007,MILTON,LIVING,CLEO- 69 in.  Faux Wood Book Shelves,HOU,,,,,4,90,90,360
M2008,MILTON,LIVING,CLEO- 69 in.  Faux Wood Book Shelves,HOU,,,,,3,90,84.3,270
M2010,MILTON,LIVING,JESSA- 71 in. Length Faux Wood TV Stand,HOU,,,,,3,90,90,270
M2012,MILTON,LIVING,JESSA- 75 in.  Faux Wood Book Shelves,HOU,,,,,2,100,100,200
M2013,MILTON,LIVING,JESSA- 75 in.  Faux Wood Book Shelves,HOU,,,,,1,100,100,100
M2014,MILTON,LIVING,JESSA- 75 in. Faux Wood Book Shelves,HOU,,,,,2,100,100,200
M2015,MILTON,LIVING,HOLLY- 47 in. Length Faux Wood TV Stand,HOU,,,,,2,79,79,158
M2016,MILTON,LIVING,HOLLY- 47 in. Length Faux Wood TV Stand,HOU,,,,,2,79,79,158
M2017,MILTON,LIVING,HOLLY- 47 in. Length Faux Wood TV Stand,HOU,,,,,2,79,79,158
M2018,MILTON,LIVING,HOLLY- 47 in. Length Faux Wood TV Stand,HOU,,,,,2,79,79,158
M2019,MILTON,LIVING,HOLLY- 71 in. Length Faux Wood TV Stand,HOU,,,,,2,117.3,117.3,234.67
M2020,MILTON,LIVING,HOLLY- 71 in. Length Faux Wood TV Stand,HOU,,,,,2,94,94,188
M2021,MILTON,LIVING,HOLLY- 71 in. Length Faux Wood TV Stand,HOU,,,,,1,117.3,117.3,117.33
M2022,MILTON,LIVING,HOLLY- 71 in. Length Faux Wood TV Stand,HOU,,,,,2,94,94,188
M7564-FULL,MILTON,BEDROOM,PU Vegan Leather Bed Frame with 4 Slats(Box Spring Required),HOU,,,,,4,58,58,232
M7565-FULL,MILTON,BEDROOM,PU Vegan Leather Bed Frame with 4 Slats(Box Spring Required),HOU,,,,,3,58,58,174
M7565-TWIN,MILTON,BEDROOM,PU Vegan Leather Bed Frame with 4 Slats(Box Spring Required),HOU,2,,,,20,0,0,
M7706-DB,MILTON,LIVING,Polyester Fabric Upholstered Multi-Functional Single Convert,HOU,,,,,3,0,0,
M7706-GR,MILTON,LIVING,VIVI- Grey Linen Fabric Multi-Functional Lounge Chair,HOU,,,,,2,102,102,204
M8079-RECL,MILTON,LIVING,TAN Fabric Manual Reclining Chair,HOU,,,,,2,114,114,228
M6601,MILTON,ACCESSOR,Solid Color Manufactured Wood X-Side Panels Coffee Table wit,HOU,,,,,2,45,45,90
M7715,MILTON,DINING,GRAY Counter Height Chair for M7815,HOU,2,,,,24,27,27,648
M7716,MILTON,DINING,BLACK with BROWN Top Counter Height Chair for M7816,HOU,,,,,4,27,27,108
M7815,MILTON,DINING,"GRAY Wooden Square Counter Table height TABLE + 18"" Butterfl",HOU,,,,,4,120,120,480
M7816,MILTON,DINING,BLACK Wooden Square Counter height  w/ MDF Top + Butterfl,HOU,,,,,1,120,120,120
M7901,MILTON,SLEEPER,Tufted Grid Linen Fabric Upholstered Click-Clack Armless Fut,HOU,,,,,1,79,79,79
M7905,MILTON,SLEEPER,Tufted Grid PVC / Vegan Leather Upholstered Click-Clack Arml,HOU,,,,,3,79,79,237
M8059,MILTON,LIVING,Luxurious Velvet Upholstered Square Armrest Oversized Lounge,HOU,,,,,2,299,299,598
M9220,MILTON,SLEEPER,GRAY Split Back Futon Couch w/ Tufted Buttons,HOU,,,,,2,149,149,298
M7038-GR,MILTON,BEDROOM,GRAY WHITE 3-Panel Room Divider w/ Shutter Style,HOU,,,,,6,49,47.1,294
M7038-NAT,MILTON,BEDROOM,NATURAL 3-Panel Room Divider w/ Shutter Style,HOU,,,,,1,49,49,49
M7039-BK,MILTON,BEDROOM,3-Panel Wood Frame with Rustic Weaving Bamboo Style Room Div,HOU,,,,,2,49,49,98
M7044-GR,MILTON,BEDROOM,GRAY WHITE 4-Panel Room Divider w/ Shutter Style,HOU,,,,,5,50,50,250
M7045-BK,MILTON,BEDROOM,4-Panel Wood Frame with Rustic Weaving Bamboo Style Room Div,HOU,,,,,3,62,62,186
M7045-GR,MILTON,BEDROOM,4-Panel Wood Frame with Rustic Weaving Bamboo Style Room Div,HOU,,,,,2,62,62,124
M7047-GR,MILTON,BEDROOM,GRAY 4-Panel Room Divider w/ Arrow Pattern Woven Style,HOU,,,,,3,62,62,186
M7515-EKING,MILTON,BEDROOM,WARM GRAY E.KING Fabric Adjustable HB Leg Platform Bed w/ LE,HOU,,,,,3,159,159,477
M7515-FULL,MILTON,BEDROOM,WARM GRAY FULL Fabric Adjustable HB Leg Platform Bed w/ LED,HOU,,,,,2,119,119,238
M7516-EKING,MILTON,BEDROOM,DARK GRAY E.KING Fabric Adjustable HB Leg Platform Bed w/ LE,HOU,,,,,3,159,159,477
M7521-EKING,MILTON,BEDROOM,LIGHT GRAY E.KING Fabric Wing Back Platform Bed (Fully Slate,HOU,,,,,3,139,139,417
M7521-FULL,MILTON,BEDROOM,LIGHT GRAY FULL Fabric Wing Back Platform Bed (Fully Slated),HOU,,,,,2,99,99,198
M7521-QUEEN,MILTON,BEDROOM,LIGHT GRAY QUEEN Fabric Wing Back Platform Bed (Fully Slated,HOU,,,,,3,109,109,327
M7522-EKING,MILTON,BEDROOM,DARK GRAY E.KING Fabric Wing Back Platform Bed (Fully Slated,HOU,,,,,3,139,139,417
M7522-FULL,MILTON,BEDROOM,DARK GRAY FULL Fabric Wing Back Platform Bed (Fully Slated),HOU,,,,,3,99,99,297
M7522-QUEEN,MILTON,BEDROOM,DARK GRAY QUEEN Fabric Wing Back Platform Bed (Fully Slated),HOU,,,,,2,109,109,218
M7564-QUEEN,MILTON,BEDROOM,PU Vegan Leather Bed Frame with 4 Slats(Box Spring Required),HOU,,,,,5,0,0,
M7565-QUEEN,MILTON,BEDROOM,PU Vegan Leather Bed Frame with 4 Slats(Box Spring Required),HOU,1,,,,15,20.6,20.6,310
M7702-BENCH,MILTON,DINING,Wire Brushed Dining Counter height BENCH  with Fabric Cushio,HOU,,,,,2,60,60,120
M7706-BK,MILTON,LIVING,Polyester Fabric Upholstered Multi-Functional Single Convert,SHOW,,,,,1,0,0,
M8025-LOVE,MILTON,LIVING,GRAY Manual Recliner + Rocking Loveseat w/ Console + USB + 1,HOU,,,,,1,323,323,323
M8025-SOFA,MILTON,LIVING,GRAY Manual Recliner Sofa w/ Drop Down + USB + 2 Outlets,HOU,,,,,1,366,366,366
M8035-BK,MILTON,LIVING,Pillow Top Tufted Soft PU Plush Click Clack Futon Couch Sofa,HOU,,,,,3,169,169,507
M8035-DB,MILTON,SLEEPER,Pillow Top Tufted Soft PU Plush Click Clack Futon Couch,HOU,,,,,2,169,169,338
M8047-SOFA,MILTON,LIVING,DARK BROWN Sofa w/ 2 Manual Recliners,HOU,,,,,1,313,313,313
M8049-LOVE,MILTON,LIVING,DARK GRAY Manual Reclining Loveseat w/ Console,HOU,,,,,1,278,278,278
M8049-RECL,MILTON,LIVING,DARK GRAY Manual Rocker Recliner,HOU,,,,,2,149,149,298
M8049-SOFA,MILTON,LIVING,DARK GRAY Sofa w/ 2 Manual Recliners,HOU,,,,,1,313,313,313
M8078-LOVE,MILTON,LIVING,GRAY Fabric Manual Reclining Love Seat,HOU,,,,,2,207,207,414
M8078-SOFA,MILTON,LIVING,GRAY Fabric Manual Reclining Sofa,HOU,,,,,2,267,267,534
M8082-LOVE,MILTON,LIVING,TAN Fabric POWER Reclining Love Seat,HOU,,,,,3,246,246,738
M8082-RECL,MILTON,LIVING,TAN Fabric POWER Reclining Chair,HOU,,,,,3,133,133,399
M8082-SOFA,MILTON,LIVING,TAN Fabric POWER Reclining Sofa,HOU,,,,,3,322,322,966
M8086-LOVE,MILTON,LIVING,GRAY Breathable Air Leather Manual Reclining Loveseat,HOU,,,,,4,248,248,992
M8086-RECL,MILTON,LIVING,GRAY Breathable Air Leather Manual Reclining Chair,HOU,,,,,4,155,155,620
M8086-SOFA,MILTON,LIVING,GRAY Breathable Air Leather Manual Reclining Sofa,HOU,,,,,4,277,277,1108
M8181-LOVE,MILTON,LIVING,BROWN Fabric Plushy Cushion w/ Square Arm Loveseat & 2 Throw,HOU,,,,,1,185,185,185
M8195-LOVE,MILTON,LIVING,DARK GRAY Breathable Air Leather POWER w/ USB Reclining Love,HOU,,,,,2,278,278,556
M8195-RECL,MILTON,LIVING,DARK GRAY Breathable Air Leather POWER w/ USB Recliner,HOU,,,,,2,178,178,356
M8195-SOFA,MILTON,LIVING,DARK GRAY Breathable Air Leather POWER w/ USB Reclining Sofa,HOU,,,,,2,343,343,686
B52379-CH,BELLA,BEDROOM,Belisa 5 Drawer Chest Silver,HOU,,,,,5,92.5,92.5,462.55
B52379-DR,BELLA,BEDROOM,Belisa Dresser Silver,SHOW,,,,,1,117.4,117.4,117.49
B52379-MR,BELLA,BEDROOM,Belisa Mirror Silver,HOU,,,,,1,39,39,39.08
B52379-MR,BELLA,BEDROOM,Belisa Mirror Silver,SHOW,,,,,1,39,39,39.08
B52379-NS,BELLA,BEDROOM,Belisa Nightstand Silver,HOU,,,,,1,43.3,43.3,43.34
B52379Q,BELLA,BEDROOM,Belisa Queen Bed Silver,HOU,,,,,5,165.4,165.4,827.35
B52379Q,BELLA,BEDROOM,Belisa Queen Bed Silver,SHOW,,,,,1,165.4,165.4,165.47
B52431-MR,BELLA,BEDROOM,Belisa Mirror Black,HOU,                   -,,,,-1,38.3,38.3,-38.31
B52431-NS,BELLA,BEDROOM,Belisa Nightstand Black,SHOW,,,,,1,42.4,42.4,42.47
B52431K,BELLA,BEDROOM,"Belisa King Bed, Black",HOU,,,,,3,205.3,205.3,616.05
B52431Q,BELLA,BEDROOM,"Belisa Queen Bed, Black",DMG,,,,,1,162.1,162.1,162.17
B52636-DR,BELLA,BEDROOM,Belisa Dresser White,HOU,,,,,7,115.1,115.1,806.05
B52636-NS,BELLA,BEDROOM,Belisa Nightstand White,HOU,1,,,,13,42.4,42.4,552.11
B52636Q,BELLA,BEDROOM,"Belisa Queen Bed, White",HOU,,,,,4,162.1,162.1,648.68
B52648-CH,BELLA,BEDROOM,Calipso 5 Drawer Chest,HOU,,,,,2,171.4,171.4,342.84
B52648-DR,BELLA,BEDROOM,Calipso Dresser,HOU,,,,,5,188.7,188.7,943.85
B52648-NS,BELLA,BEDROOM,Calipso Night Stand,HOU,1,,,,13,67.3,67.3,875.55
B52648-NS,BELLA,BEDROOM,Calipso Night Stand,SHOW,,,,,1,67.3,67.3,67.35
B52648Q,BELLA,BEDROOM,"Calipso Queen Bed, Silver",HOU,,,,,1,158.1,158.1,158.16
B52649-CH,BELLA,BEDROOM,CALIPSO 5 DRAWER CHEST/WHITE,HOU,,,,,1,171.4,171.4,171.42
B52649-DR,BELLA,BEDROOM,CALIPSO DRESSER/WHITE,HOU,,,,,1,188.7,188.7,188.77
B52649-NS,BELLA,BEDROOM,CALIPSO NIGHTSTAND/WHITE,HOU,,,,,8,67.3,67.3,538.8
B52649Q,BELLA,BEDROOM,"CALIPSO QUEEN BED, WHITE",HOU,,,,,1,158.1,158.1,158.16
B52630-DR,BELLA,BEDROOM,NIVIA DRESSER MW B52630 WHITE,SHOW,,,,,1,95,95,95
B52630-NS,BELLA,BEDROOM,NIVIA NIGHTSTAND MW B52630 WHITE,SHOW,,,,,1,34,34,34
B52678-NS,BELLA,BEDROOM,PALLAS MULTI LED NIGHTSTAND MW B52678Q WHITE,HOU,,,,,1,78.9,78.9,78.95
B52678-NS,BELLA,BEDROOM,PALLAS MULTI LED NIGHTSTAND MW B52678Q WHITE,SHOW,,,,,1,78.9,78.9,78.95
B52679-DR,BELLA,BEDROOM,"Pallas Multi LED Dresser, Black",HOU,,,,,1,189.4,189.4,189.47
B52679-NS,BELLA,BEDROOM,"Pallas Multi LED Nightstand, Black",HOU,,,,,3,78.9,78.9,236.85
B52679Q,BELLA,BEDROOM,PALLAS QUEEN MULTI LED BED MW 52679-NS BLACK,HOU,,,,,1,237.8,237.8,237.83
B52679Q,BELLA,BEDROOM,PALLAS QUEEN MULTI LED BED MW 52679-NS BLACK,SHOW,,,,,1,237.8,237.8,237.83
F2625,23,Dining,Vol1.P138-l5-PCS COUNTER HEIGHT DINING TABLE SET/WHITE&GRY,HOU,                   -,,,,-2,0,0,
F2626,23,DINING,Vol1.P138-5-PCS COUNTER HEIGHT GREY,DMG,,,,,2,189,189,378.11
F2626,23,DINING,Vol1.P138-5-PCS COUNTER HEIGHT GREY,SHOW,,,,,1,189,189,189.06
F2612,24,Dining,P24.P131-|5 PIECE DINING SET/GREY,HOU,,,,,2,122.5,122.5,245.1
F2613,24,Dining,P24.P131-|5 PIECE DINING SET BROWN & BEIGE,HOU,,,,,1,122.5,122.5,122.55
F55005,MILTON,MATTRESS,Metal Adjustable Bed Frame - TWIN/FULL/QUEEN,HOU,,,,,3,28,28,84
F55009,MILTON,MATTRESS,Metal Adjustable Bed Frame - QUEEN/EKING/CKING,HOU,,,,,3,41,41,123
M7801,MILTON,DINING,GRAY Wooden Counter height dining TABLE / Butterfly Leaf,HOU,,,,,1,199,199,199
M7701-BENCH,MILTON,DINING,GRAY Wooden Counter height  BENCH w/ Cushion,HOU,,,,,1,60,60,60
M7803,MILTON,DINING,GRAY Wooden DINING TABLE + Double Extension Leaf Set,HOU,,,,,1,235,235,235
M7703-CHAIR,MILTON,DINING,GRAY Wooden Dining CHAIR w/ Cushion FOR M7803,HOU,,,,,2,44.5,44.5,89
M7802,MILTON,DINING,"BROWN Wooden Counter height TABLE + 18"" Butterfly Leaf",HOU,,,,,2,199,199,398
M7805,MILTON,DINING,"BROWN Wooden DINING TABLE 14"" + 14"" Double Extension Leaf",HOU,,,,,2,235,235,470
M7705-CHAIRS,MILTON,DINING,BROWN Wooden Dining CHAIR  w/ Cushion for M7805,HOU,,,,,8,44.5,44.5,356
M7705-BENCH,MILTON,DINING,BROWN Wooden Dining Bench w/ Cushion For M7805,HOU,,,,,2,60,60,120
M7701-CHAIR,MILTON,DINING,GRAY Wooden Counter height CHAIR w/ Cushion,HOU,,,,,4,46,46,184
M7703-BENCH,MILTON,DINING,GRAY Wooden Dining BENCH for M7803,HOU,,,,,2,60,60,120
M7702-CHAIR,MILTON,DINING,BROWN Wooden Counter height CHAIR w/ Cushion,HOU,,,,,8,46,46,368